Original Url,Slug,Title 1,Meta Description 1,Meta Keywords 1,H1-1,H2-1,H2-2,Unique Inlinks
https://www.ecomusa.example/blog/post/airlift-vs-velora-steam-iron,airlift-vs-velora-steam-iron,AirLift vs Velora: Suction Steamer or Steam Iron?,Compare the AirLift Spin suction steamer with the Velora Steam Iron 2400.,"airlift, velora, steam iron",AirLift vs Velora: Which Wins?,Which is faster for daily use?,How do the two compare on steam output?,14
https://www.ecomusa.example/blog/post/best-handheld-steamers-for-travel,best-handheld-steamers-for-travel,Best Handheld Steamers for Travel,Our top Handheld Steamers for packing light.,"travel steamer, handheld steamer",Best Handheld Steamers for Travel,What should you look for in a travel steamer?,Which Handheld Steamer packs smallest?,22
https://www.ecomusa.example/blog/post/steamer-gift-ideas-for-him-and-her,steamer-gift-ideas-for-him-and-her,Steamer Gift Ideas for Him and Her,Gift ideas for people who love crisp clothes.,"steamer gift, gift for him, gift for her",Steamer Gift Ideas for Him and Her,Gifts for the frequent traveller,Gifts for the home,9
https://www.ecomusa.example/blog/post/steam-irons-under-50-budget-picks,steam-irons-under-50-budget-picks,Steam Irons Under $50: Budget Picks,Budget Steam Irons that still deliver steam.,"cheap steam iron, budget iron",Steam Irons Under $50,Budget steam iron,Cheap steam iron,17
https://www.ecomusa.example/blog/post/how-to-descale-a-steam-iron,how-to-descale-a-steam-iron,How to Descale a Steam Iron,Keep your iron steaming with a simple descale routine.,descale iron,How to Descale a Steam Iron,How often should you descale?,Vinegar or descaler?,6
https://www.ecomusa.example/blog/post/glidemax-vs-brisa-handheld-steamer,glidemax-vs-brisa-handheld-steamer,Glidemax vs Brisa: Iron or Handheld Steamer?,Glidemax Glide Steam Iron against the Brisa Handheld Steamer.,"glidemax, brisa, handheld steamer",Glidemax vs Brisa,Which heats up faster?,Which suits small spaces?,12
https://www.ecomusa.example/blog/post/choosing-a-steam-iron-for-quilting,choosing-a-steam-iron-for-quilting,Choosing a Steam Iron for Quilting,What to look for in a Steam Iron when you quilt.,"quilting iron, steam iron",Choosing a Steam Iron for Quilting,What steam level suits cotton?,Does a heavier soleplate help?,5
https://www.ecomusa.example/blog/post/suction-steamers-explained-for-beginners,suction-steamers-explained-for-beginners,What Is a Handheld Suction Steamer?,An explainer on the AirLift suction steamer design.,"suction steamer, airlift",What Is a Handheld Suction Steamer?,How does suction help?,Who is it for?,8
https://www.ecomusa.example/blog/post/quiet-tower-fan-buying-tips,quiet-tower-fan-buying-tips,Quiet Tower Fan Buying Tips,Choose a quiet Fan for the bedroom.,tower fan,Quiet Tower Fan Buying Tips,How loud is too loud?,Oscillation angle explained,11
https://www.ecomusa.example/blog/post/stick-vacuum-battery-care,stick-vacuum-battery-care,Stick Vacuum Battery Care,Make a Stick Vacuum battery last.,stick vacuum battery,Stick Vacuum Battery Care,How long does a battery last?,Charging tips,4
https://www.ecomusa.example/blog/post/spring-cleaning-checklist,spring-cleaning-checklist,Spring Cleaning Checklist,A room-by-room checklist.,spring cleaning,Spring Cleaning Checklist,Kitchen,Bedroom,3
https://www.ecomusa.example/blog/post/ironing-board-height-guide,ironing-board-height-guide,Ironing Board Height Guide,Set your Ironing Board to the right height.,ironing board,Ironing Board Height Guide,Standing height,Seated height,7
